filter_type,order,cutoff,structure,signal,dtype,MAE
butter,2,1000,DF1,impulse,float32,8.558916592263651e-10
butter,2,1000,DF1,impulse,float16,8.032141006678609e-07
butter,2,1000,DF2,impulse,float32,8.558916590525425e-10
butter,2,1000,DF2,impulse,float16,8.032141006683387e-07
butter,2,1000,TDF2,impulse,float32,8.558916592263651e-10
butter,2,1000,TDF2,impulse,float16,8.032141006678609e-07
butter,2,1000,CASCADE,impulse,float32,8.550652326623338e-10
butter,2,1000,CASCADE,impulse,float16,8.03789726229262e-07
butter,2,1000,DF1,random,float32,1.3254703712537764e-07
butter,2,1000,DF1,random,float16,0.0001440382369315513
butter,2,1000,DF2,random,float32,1.312029580488518e-07
butter,2,1000,DF2,random,float16,0.0001354335554715589
butter,2,1000,TDF2,random,float32,1.3156349567603115e-07
butter,2,1000,TDF2,random,float16,0.000141982888244172
butter,2,1000,CASCADE,random,float32,1.3122205737522139e-07
butter,2,1000,CASCADE,random,float16,0.00013413890871993947
butter,2,2000,DF1,impulse,float32,3.7690666284090855e-10
butter,2,2000,DF1,impulse,float16,1.0247801605423728e-07
butter,2,2000,DF2,impulse,float32,3.76906662824883e-10
butter,2,2000,DF2,impulse,float16,1.0247801605420088e-07
butter,2,2000,TDF2,impulse,float32,3.7690666284090855e-10
butter,2,2000,TDF2,impulse,float16,1.0247801605423728e-07
butter,2,2000,CASCADE,impulse,float32,3.7865686760742204e-10
butter,2,2000,CASCADE,impulse,float16,1.2071386272233867e-07
butter,2,2000,DF1,random,float32,1.15635862611152e-07
butter,2,2000,DF1,random,float16,3.1425238632431535e-05
butter,2,2000,DF2,random,float32,1.1659138144413244e-07
butter,2,2000,DF2,random,float16,3.125656432156359e-05
butter,2,2000,TDF2,random,float32,1.1771898367258019e-07
butter,2,2000,TDF2,random,float16,3.146560150383895e-05
butter,2,2000,CASCADE,random,float32,1.1639719521860415e-07
butter,2,2000,CASCADE,random,float16,3.4156595643842066e-05
butter,2,5000,DF1,impulse,float32,5.885840951410425e-11
butter,2,5000,DF1,impulse,float16,9.762026175872888e-08
butter,2,5000,DF2,impulse,float32,5.88584095422189e-11
butter,2,5000,DF2,impulse,float16,9.762026175868441e-08
butter,2,5000,TDF2,impulse,float32,5.885840951410425e-11
butter,2,5000,TDF2,impulse,float16,9.762026175872888e-08
butter,2,5000,CASCADE,impulse,float32,5.658282764698853e-11
butter,2,5000,CASCADE,impulse,float16,1.2918625498781318e-07
butter,2,5000,DF1,random,float32,3.0330641732131264e-08
butter,2,5000,DF1,random,float16,6.360245235323513e-05
butter,2,5000,DF2,random,float32,2.962120535521251e-08
butter,2,5000,DF2,random,float16,6.562120975728385e-05
butter,2,5000,TDF2,random,float32,3.072690853811455e-08
butter,2,5000,TDF2,random,float16,6.369731186701706e-05
butter,2,5000,CASCADE,random,float32,2.91258521002008e-08
butter,2,5000,CASCADE,random,float16,7.516174751621446e-05
butter,4,1000,DF1,impulse,float32,5.341082340845171e-08
butter,4,1000,DF1,impulse,float16,5.742029817202926e+138
butter,4,1000,DF2,impulse,float32,5.341082354361884e-08
butter,4,1000,DF2,impulse,float16,5.742029817198561e+138
butter,4,1000,TDF2,impulse,float32,5.341082330813743e-08
butter,4,1000,TDF2,impulse,float16,5.7420298171985665e+138
butter,4,1000,CASCADE,impulse,float32,1.034111121387737e-09
butter,4,1000,CASCADE,impulse,float16,7.360159262649136e-06
butter,4,1000,DF1,random,float32,3.6831904826790262e-06
butter,4,1000,DF1,random,float16,3.470266004339885
butter,4,1000,DF2,random,float32,2.9204465213134353e-06
butter,4,1000,DF2,random,float16,0.48105594658709633
butter,4,1000,TDF2,random,float32,2.920189906120291e-06
butter,4,1000,TDF2,random,float16,0.4776854366933509
butter,4,1000,CASCADE,random,float32,8.779694997781441e-08
butter,4,1000,CASCADE,random,float16,0.0007556652991019569
butter,4,2000,DF1,impulse,float32,3.0820308480189304e-08
butter,4,2000,DF1,impulse,float16,0.0002576902324881588
butter,4,2000,DF2,impulse,float32,3.0820308467997786e-08
butter,4,2000,DF2,impulse,float16,0.00025769023248815756
butter,4,2000,TDF2,impulse,float32,3.082030845281342e-08
butter,4,2000,TDF2,impulse,float16,0.00025769023248817393
butter,4,2000,CASCADE,impulse,float32,9.38176720758766e-11
butter,4,2000,CASCADE,impulse,float16,3.3025518174542858e-06
butter,4,2000,DF1,random,float32,6.722058135089565e-06
butter,4,2000,DF1,random,float16,0.04393095839750374
butter,4,2000,DF2,random,float32,6.970397693690166e-06
butter,4,2000,DF2,random,float16,0.047542884653541284
butter,4,2000,TDF2,random,float32,6.970104016181507e-06
butter,4,2000,TDF2,random,float16,0.04754304946291467
butter,4,2000,CASCADE,random,float32,2.6269935607299375e-08
butter,4,2000,CASCADE,random,float16,0.0008497434012037041
butter,4,5000,DF1,impulse,float32,4.937997539231416e-10
butter,4,5000,DF1,impulse,float16,1.765612943810327e-06
butter,4,5000,DF2,impulse,float32,4.937997533294926e-10
butter,4,5000,DF2,impulse,float16,1.765612943810731e-06
butter,4,5000,TDF2,impulse,float32,4.937997539177564e-10
butter,4,5000,TDF2,impulse,float16,1.7656129438106261e-06
butter,4,5000,CASCADE,impulse,float32,4.5331757319006584e-11
butter,4,5000,CASCADE,impulse,float16,4.779197142322566e-07
butter,4,5000,DF1,random,float32,2.001908807693683e-07
butter,4,5000,DF1,random,float16,0.000696761877189016
butter,4,5000,DF2,random,float32,2.0015600646471542e-07
butter,4,5000,DF2,random,float16,0.0006934889082650718
butter,4,5000,TDF2,random,float32,2.0114371629737947e-07
butter,4,5000,TDF2,random,float16,0.0006990190103461576
butter,4,5000,CASCADE,random,float32,1.423038999892037e-08
butter,4,5000,CASCADE,random,float16,0.00020026347909063853
butter,6,1000,DF1,impulse,float32,4.287716846901867e-05
butter,6,1000,DF1,impulse,float16,nan
butter,6,1000,DF2,impulse,float32,4.2877168492667995e-05
butter,6,1000,DF2,impulse,float16,nan
butter,6,1000,TDF2,impulse,float32,4.2877168427205366e-05
butter,6,1000,TDF2,impulse,float16,nan
butter,6,1000,CASCADE,impulse,float32,2.8562238638727758e-09
butter,6,1000,CASCADE,impulse,float16,1.1527377144283004e-05
butter,6,1000,DF1,random,float32,0.0023678366637312344
butter,6,1000,DF1,random,float16,2435270.5615700227
butter,6,1000,DF2,random,float32,0.0015031136104053473
butter,6,1000,DF2,random,float16,1334129.80307706
butter,6,1000,TDF2,random,float32,0.0015031128328023952
butter,6,1000,TDF2,random,float16,1264409.7329849892
butter,6,1000,CASCADE,random,float32,1.5140139382445345e-07
butter,6,1000,CASCADE,random,float16,0.0013095510284362032
butter,6,2000,DF1,impulse,float32,4.958181219745912e-07
butter,6,2000,DF1,impulse,float16,1.3432791076027525e+156
butter,6,2000,DF2,impulse,float32,4.958181208982677e-07
butter,6,2000,DF2,impulse,float16,1.3432791076071743e+156
butter,6,2000,TDF2,impulse,float32,4.958181226986895e-07
butter,6,2000,TDF2,impulse,float16,1.3432791075986525e+156
butter,6,2000,CASCADE,impulse,float32,2.328676745147448e-10
butter,6,2000,CASCADE,impulse,float16,1.3970638196756836e-06
butter,6,2000,DF1,random,float32,8.4934216469303e-05
butter,6,2000,DF1,random,float16,8.877637240799771
butter,6,2000,DF2,random,float32,8.797115862326691e-05
butter,6,2000,DF2,random,float16,14.252936525613672
butter,6,2000,TDF2,random,float32,8.797105512624664e-05
butter,6,2000,TDF2,random,float16,14.245543757562901
butter,6,2000,CASCADE,random,float32,4.876434648225139e-08
butter,6,2000,CASCADE,random,float16,0.00022909021412297731
butter,6,5000,DF1,impulse,float32,9.697513590180052e-09
butter,6,5000,DF1,impulse,float16,1.0546015586572169e-05
butter,6,5000,DF2,impulse,float32,9.69751359551953e-09
butter,6,5000,DF2,impulse,float16,1.0546015586572325e-05
butter,6,5000,TDF2,impulse,float32,9.697513589791078e-09
butter,6,5000,TDF2,impulse,float16,1.0546015586573866e-05
butter,6,5000,CASCADE,impulse,float32,5.095836889563559e-11
butter,6,5000,CASCADE,impulse,float16,9.346375893235702e-07
butter,6,5000,DF1,random,float32,3.0920052068929195e-06
butter,6,5000,DF1,random,float16,0.003528490911697373
butter,6,5000,DF2,random,float32,3.056981518848864e-06
butter,6,5000,DF2,random,float16,0.0034095454042925464
butter,6,5000,TDF2,random,float32,3.0567724156333245e-06
butter,6,5000,TDF2,random,float16,0.003417425760003655
butter,6,5000,CASCADE,random,float32,1.5163115225982486e-08
butter,6,5000,CASCADE,random,float16,0.0003484682667956754
butter,8,1000,DF1,impulse,float32,4.727535125121638e+65
butter,8,1000,DF1,impulse,float16,0.00039981642818549113
butter,8,1000,DF2,impulse,float32,4.727535104947439e+65
butter,8,1000,DF2,impulse,float16,nan
butter,8,1000,TDF2,impulse,float32,4.72753524413806e+65
butter,8,1000,TDF2,impulse,float16,0.00039981642611797234
butter,8,1000,CASCADE,impulse,float32,1.319279771223529e-09
butter,8,1000,CASCADE,impulse,float16,0.0003998164441812072
butter,8,1000,DF1,random,float32,0.07591155307658527
butter,8,1000,DF1,random,float16,0.030963531834634597
butter,8,1000,DF2,random,float32,0.02712641820161513
butter,8,1000,DF2,random,float16,0.02301004936106994
butter,8,1000,TDF2,random,float32,0.02712641760585867
butter,8,1000,TDF2,random,float16,0.023010049219122388
butter,8,1000,CASCADE,random,float32,3.4365745879793104e-08
butter,8,1000,CASCADE,random,float16,0.023010050423260094
butter,8,2000,DF1,impulse,float32,0.00010308461148183835
butter,8,2000,DF1,impulse,float16,nan
butter,8,2000,DF2,impulse,float32,0.00010308461147310539
butter,8,2000,DF2,impulse,float16,nan
butter,8,2000,TDF2,impulse,float32,0.00010308461148399059
butter,8,2000,TDF2,impulse,float16,nan
butter,8,2000,CASCADE,impulse,float32,7.811249387652168e-10
butter,8,2000,CASCADE,impulse,float16,0.00012204981136396139
butter,8,2000,DF1,random,float32,0.016250646586348817
butter,8,2000,DF1,random,float16,27786419712300.375
butter,8,2000,DF2,random,float32,0.016835661870847396
butter,8,2000,DF2,random,float16,24278815998372.71
butter,8,2000,TDF2,random,float32,0.016835662164143343
butter,8,2000,TDF2,random,float16,23643058250285.68
butter,8,2000,CASCADE,random,float32,1.4519186845107407e-07
butter,8,2000,CASCADE,random,float16,0.023594014475928446
butter,8,5000,DF1,impulse,float32,5.873128869319992e-08
butter,8,5000,DF1,impulse,float16,0.00019720490711432946
butter,8,5000,DF2,impulse,float32,5.8731288686033124e-08
butter,8,5000,DF2,impulse,float16,0.00019720490711436404
butter,8,5000,TDF2,impulse,float32,5.873128867164073e-08
butter,8,5000,TDF2,impulse,float16,0.00019720490711439706
butter,8,5000,CASCADE,impulse,float32,1.3414944695647494e-10
butter,8,5000,CASCADE,impulse,float16,4.6951834148268824e-07
butter,8,5000,DF1,random,float32,1.5661547139447902e-05
butter,8,5000,DF1,random,float16,0.049308290762720794
butter,8,5000,DF2,random,float32,1.5486831256098938e-05
butter,8,5000,DF2,random,float16,0.048963043778310344
butter,8,5000,TDF2,random,float32,1.548597356344504e-05
butter,8,5000,TDF2,random,float16,0.048963710797585
butter,8,5000,CASCADE,random,float32,4.2539499934614657e-08
butter,8,5000,CASCADE,random,float16,0.00014269183506762008
cheby1,2,1000,DF1,impulse,float32,1.3037322485467875e-09
cheby1,2,1000,DF1,impulse,float16,4.4376055988781013e-07
cheby1,2,1000,DF2,impulse,float32,1.3037322484552262e-09
cheby1,2,1000,DF2,impulse,float16,4.437605598876221e-07
cheby1,2,1000,TDF2,impulse,float32,1.3037322485527167e-09
cheby1,2,1000,TDF2,impulse,float16,4.4376055988781013e-07
cheby1,2,1000,CASCADE,impulse,float32,1.30372521024071e-09
cheby1,2,1000,CASCADE,impulse,float16,4.603441858801854e-07
cheby1,2,1000,DF1,random,float32,2.065728123419163e-07
cheby1,2,1000,DF1,random,float16,6.784735082539922e-05
cheby1,2,1000,DF2,random,float32,2.046899380311331e-07
cheby1,2,1000,DF2,random,float16,6.96457273424819e-05
cheby1,2,1000,TDF2,random,float32,2.0575213312200584e-07
cheby1,2,1000,TDF2,random,float16,6.616255654672946e-05
cheby1,2,1000,CASCADE,random,float32,2.0476348036726024e-07
cheby1,2,1000,CASCADE,random,float16,7.288305408126114e-05
cheby1,2,2000,DF1,impulse,float32,2.8083316796491805e-10
cheby1,2,2000,DF1,impulse,float16,1.3100638096481958e-06
cheby1,2,2000,DF2,impulse,float32,2.808331677016156e-10
cheby1,2,2000,DF2,impulse,float16,1.3100638096486236e-06
cheby1,2,2000,TDF2,impulse,float32,2.8083316796491805e-10
cheby1,2,2000,TDF2,impulse,float16,1.3100638096481958e-06
cheby1,2,2000,CASCADE,impulse,float32,2.7994821736437787e-10
cheby1,2,2000,CASCADE,impulse,float16,1.2961248285915225e-06
cheby1,2,2000,DF1,random,float32,8.112857822848568e-08
cheby1,2,2000,DF1,random,float16,0.00039659806437113767
cheby1,2,2000,DF2,random,float32,8.244170256552913e-08
cheby1,2,2000,DF2,random,float16,0.00039292795234057625
cheby1,2,2000,TDF2,random,float32,8.337654048763037e-08
cheby1,2,2000,TDF2,random,float16,0.0004063036772295392
cheby1,2,2000,CASCADE,random,float32,8.25254150014533e-08
cheby1,2,2000,CASCADE,random,float16,0.0003967539757546342
cheby1,2,5000,DF1,impulse,float32,7.355962029601394e-11
cheby1,2,5000,DF1,impulse,float16,7.720636965368337e-08
cheby1,2,5000,DF2,impulse,float32,7.355962025470654e-11
cheby1,2,5000,DF2,impulse,float16,7.720636965371043e-08
cheby1,2,5000,TDF2,impulse,float32,7.355962029601394e-11
cheby1,2,5000,TDF2,impulse,float16,7.720636965368337e-08
cheby1,2,5000,CASCADE,impulse,float32,7.812709534848827e-11
cheby1,2,5000,CASCADE,impulse,float16,9.36790615087826e-08
cheby1,2,5000,DF1,random,float32,3.829768552482404e-08
cheby1,2,5000,DF1,random,float16,6.783873691596577e-05
cheby1,2,5000,DF2,random,float32,3.6790482916271295e-08
cheby1,2,5000,DF2,random,float16,5.1624665909571644e-05
cheby1,2,5000,TDF2,random,float32,3.839591925307653e-08
cheby1,2,5000,TDF2,random,float16,6.734318810788289e-05
cheby1,2,5000,CASCADE,random,float32,3.730602370429978e-08
cheby1,2,5000,CASCADE,random,float16,6.47095447789888e-05
cheby1,4,1000,DF1,impulse,float32,5.843898517488919e-07
cheby1,4,1000,DF1,impulse,float16,5.9161340237576665
cheby1,4,1000,DF2,impulse,float32,5.843898526663297e-07
cheby1,4,1000,DF2,impulse,float16,5.916134024916547
cheby1,4,1000,TDF2,impulse,float32,5.843898529584429e-07
cheby1,4,1000,TDF2,impulse,float16,5.916134020834416
cheby1,4,1000,CASCADE,impulse,float32,3.026618878136015e-09
cheby1,4,1000,CASCADE,impulse,float16,3.497333310308628e-05
cheby1,4,1000,DF1,random,float32,2.2965704134715126e-05
cheby1,4,1000,DF1,random,float16,0.167355148471937
cheby1,4,1000,DF2,random,float32,1.6600522229729892e-05
cheby1,4,1000,DF2,random,float16,0.0964797950958688
cheby1,4,1000,TDF2,random,float32,1.6600723262138962e-05
cheby1,4,1000,TDF2,random,float16,0.09656445577158115
cheby1,4,1000,CASCADE,random,float32,1.693977765656703e-07
cheby1,4,1000,CASCADE,random,float16,0.0013339885994282253
cheby1,4,2000,DF1,impulse,float32,1.1507218369113458e-07
cheby1,4,2000,DF1,impulse,float16,0.00129817343354239
cheby1,4,2000,DF2,impulse,float32,1.1507218366960402e-07
cheby1,4,2000,DF2,impulse,float16,0.0012981734335421693
cheby1,4,2000,TDF2,impulse,float32,1.1507218368471769e-07
cheby1,4,2000,TDF2,impulse,float16,0.0012981734335424215
cheby1,4,2000,CASCADE,impulse,float32,7.441677368753712e-10
cheby1,4,2000,CASCADE,impulse,float16,2.4894707843401536e-06
cheby1,4,2000,DF1,random,float32,1.7385029238604553e-05
cheby1,4,2000,DF1,random,float16,0.08611150423224269
cheby1,4,2000,DF2,random,float32,1.800979032278314e-05
cheby1,4,2000,DF2,random,float16,0.09763440930498515
cheby1,4,2000,TDF2,random,float32,1.8010095510738775e-05
cheby1,4,2000,TDF2,random,float16,0.09763970558854203
cheby1,4,2000,CASCADE,random,float32,1.1383677017793738e-07
cheby1,4,2000,CASCADE,random,float16,0.0004559379101579944
cheby1,4,5000,DF1,impulse,float32,1.6893654703918725e-09
cheby1,4,5000,DF1,impulse,float16,1.0284729014989533e-05
cheby1,4,5000,DF2,impulse,float32,1.6893654700666923e-09
cheby1,4,5000,DF2,impulse,float16,1.0284729014991732e-05
cheby1,4,5000,TDF2,impulse,float32,1.689365471480137e-09
cheby1,4,5000,TDF2,impulse,float16,1.0284729014988064e-05
cheby1,4,5000,CASCADE,impulse,float32,1.2838839531801677e-10
cheby1,4,5000,CASCADE,impulse,float16,6.987908545788117e-07
cheby1,4,5000,DF1,random,float32,4.7402767152185736e-07
cheby1,4,5000,DF1,random,float16,0.0028358008253906147
cheby1,4,5000,DF2,random,float32,4.730430459673517e-07
cheby1,4,5000,DF2,random,float16,0.0028413065501231654
cheby1,4,5000,TDF2,random,float32,4.7340764814698e-07
cheby1,4,5000,TDF2,random,float16,0.002846351556685614
cheby1,4,5000,CASCADE,random,float32,3.714668991911928e-08
cheby1,4,5000,CASCADE,random,float16,0.00018998438458953326
cheby1,6,1000,DF1,impulse,float32,3.862504895302422e+32
cheby1,6,1000,DF1,impulse,float16,nan
cheby1,6,1000,DF2,impulse,float32,3.862504885896265e+32
cheby1,6,1000,DF2,impulse,float16,nan
cheby1,6,1000,TDF2,impulse,float32,3.862504889015433e+32
cheby1,6,1000,TDF2,impulse,float16,nan
cheby1,6,1000,CASCADE,impulse,float32,8.243769239814683e-09
cheby1,6,1000,CASCADE,impulse,float16,0.0004982669823300025
cheby1,6,1000,DF1,random,float32,0.03253149691445108
cheby1,6,1000,DF1,random,float16,32864897.287245344
cheby1,6,1000,DF2,random,float32,0.015700765836881438
cheby1,6,1000,DF2,random,float16,7738196.8530387115
cheby1,6,1000,TDF2,random,float32,0.01570076690852117
cheby1,6,1000,TDF2,random,float16,5013730.910705414
cheby1,6,1000,CASCADE,random,float32,2.2255277515892765e-07
cheby1,6,1000,CASCADE,random,float16,0.019022325907360922
cheby1,6,2000,DF1,impulse,float32,1.994761550373889e-05
cheby1,6,2000,DF1,impulse,float16,nan
cheby1,6,2000,DF2,impulse,float32,1.994761550134693e-05
cheby1,6,2000,DF2,impulse,float16,nan
cheby1,6,2000,TDF2,impulse,float32,1.994761553216587e-05
cheby1,6,2000,TDF2,impulse,float16,nan
cheby1,6,2000,CASCADE,impulse,float32,2.0999051616011797e-09
cheby1,6,2000,CASCADE,impulse,float16,4.043984241089828e-05
cheby1,6,2000,DF1,random,float32,0.002032933564634165
cheby1,6,2000,DF1,random,float16,1382987442.8566895
cheby1,6,2000,DF2,random,float32,0.002079920436269393
cheby1,6,2000,DF2,random,float16,1435697134.810422
cheby1,6,2000,TDF2,random,float32,0.002079919957025797
cheby1,6,2000,TDF2,random,float16,1435683896.7028065
cheby1,6,2000,CASCADE,random,float32,2.237236865325563e-07
cheby1,6,2000,CASCADE,random,float16,0.004180305836138788
cheby1,6,5000,DF1,impulse,float32,1.5265756149562421e-07
cheby1,6,5000,DF1,impulse,float16,0.0003670456271767229
cheby1,6,5000,DF2,impulse,float32,1.526575615444666e-07
cheby1,6,5000,DF2,impulse,float16,0.000367045627176668
cheby1,6,5000,TDF2,impulse,float32,1.5265756158592065e-07
cheby1,6,5000,TDF2,impulse,float16,0.0003670456271766774
cheby1,6,5000,CASCADE,impulse,float32,5.2008324041231e-10
cheby1,6,5000,CASCADE,impulse,float16,3.6290188341753894e-06
cheby1,6,5000,DF1,random,float32,2.8012922285811885e-05
cheby1,6,5000,DF1,random,float16,0.06217408360573546
cheby1,6,5000,DF2,random,float32,2.817650610290638e-05
cheby1,6,5000,DF2,random,float16,0.06127475264389974
cheby1,6,5000,TDF2,random,float32,2.8176886342524853e-05
cheby1,6,5000,TDF2,random,float16,0.06127266836061263
cheby1,6,5000,CASCADE,random,float32,9.66586497477128e-08
cheby1,6,5000,CASCADE,random,float16,0.0005620645037268206
cheby1,8,1000,DF1,impulse,float32,3.7165869879958437e+247
cheby1,8,1000,DF1,impulse,float16,0.000585823828804661
cheby1,8,1000,DF2,impulse,float32,3.716586998476993e+247
cheby1,8,1000,DF2,impulse,float16,nan
cheby1,8,1000,TDF2,impulse,float32,3.716586970957956e+247
cheby1,8,1000,TDF2,impulse,float16,0.0005858239367058964
cheby1,8,1000,CASCADE,impulse,float32,8.937418200008595e-09
cheby1,8,1000,CASCADE,impulse,float16,0.000585824434410085
cheby1,8,1000,DF1,random,float32,0.9758598709705049
cheby1,8,1000,DF1,random,float16,0.020341718606318664
cheby1,8,1000,DF2,random,float32,1.5065460290525778
cheby1,8,1000,DF2,random,float16,0.013813364327130739
cheby1,8,1000,TDF2,random,float32,1.5065460345036386
cheby1,8,1000,TDF2,random,float16,0.01381336413985108
cheby1,8,1000,CASCADE,random,float32,3.922505224865069e-09
cheby1,8,1000,CASCADE,random,float16,0.013813364915560282
cheby1,8,2000,DF1,impulse,float32,0.0008335517366502627
cheby1,8,2000,DF1,impulse,float16,nan
cheby1,8,2000,DF2,impulse,float32,0.0008335517357938761
cheby1,8,2000,DF2,impulse,float16,nan
cheby1,8,2000,TDF2,impulse,float32,0.0008335517349542809
cheby1,8,2000,TDF2,impulse,float16,nan
cheby1,8,2000,CASCADE,impulse,float32,4.777192891453118e-09
cheby1,8,2000,CASCADE,impulse,float16,0.0005877616005791922
cheby1,8,2000,DF1,random,float32,0.013891124777691942
cheby1,8,2000,DF1,random,float16,9160562207320.727
cheby1,8,2000,DF2,random,float32,0.01681096173409614
cheby1,8,2000,DF2,random,float16,6262673767335.647
cheby1,8,2000,TDF2,random,float32,0.01681096119288327
cheby1,8,2000,TDF2,random,float16,5402665778540.028
cheby1,8,2000,CASCADE,random,float32,4.1435795172491445e-07
cheby1,8,2000,CASCADE,random,float16,0.07120162996863494
cheby1,8,5000,DF1,impulse,float32,6.705667119889625e-06
cheby1,8,5000,DF1,impulse,float16,nan
cheby1,8,5000,DF2,impulse,float32,6.705667122264384e-06
cheby1,8,5000,DF2,impulse,float16,nan
cheby1,8,5000,TDF2,impulse,float32,6.705667121508286e-06
cheby1,8,5000,TDF2,impulse,float16,nan
cheby1,8,5000,CASCADE,impulse,float32,8.479020506145169e-10
cheby1,8,5000,CASCADE,impulse,float16,8.473098443381585e-06
cheby1,8,5000,DF1,random,float32,0.0009131323428917461
cheby1,8,5000,DF1,random,float16,16222190808.013056
cheby1,8,5000,DF2,random,float32,0.0009029736034134145
cheby1,8,5000,DF2,random,float16,5547837828.955744
cheby1,8,5000,TDF2,random,float32,0.0009029730840221096
cheby1,8,5000,TDF2,random,float16,5550518171.655448
cheby1,8,5000,CASCADE,random,float32,7.618130575746417e-08
cheby1,8,5000,CASCADE,random,float16,0.001576047520864002
cheby2,2,1000,DF1,impulse,float32,9.322900392118384e-10
cheby2,2,1000,DF1,impulse,float16,8.118908692974215e-06
cheby2,2,1000,DF2,impulse,float32,9.322900402560249e-10
cheby2,2,1000,DF2,impulse,float16,8.118908692974832e-06
cheby2,2,1000,TDF2,impulse,float32,9.32290039851658e-10
cheby2,2,1000,TDF2,impulse,float16,8.11890869297503e-06
cheby2,2,1000,CASCADE,impulse,float32,9.33865089348279e-10
cheby2,2,1000,CASCADE,impulse,float16,8.127277087580923e-06
cheby2,2,1000,DF1,random,float32,1.2876198438921405e-06
cheby2,2,1000,DF1,random,float16,0.008233875827185782
cheby2,2,1000,DF2,random,float32,2.0517077727377763e-07
cheby2,2,1000,DF2,random,float16,0.0020013128219424255
cheby2,2,1000,TDF2,random,float32,3.646359084822845e-07
cheby2,2,1000,TDF2,random,float16,0.003798438564791248
cheby2,2,1000,CASCADE,random,float32,2.0733247225013241e-07
cheby2,2,1000,CASCADE,random,float16,0.002001229943140412
cheby2,2,2000,DF1,impulse,float32,2.435771874913573e-10
cheby2,2,2000,DF1,impulse,float16,3.970626056989492e-06
cheby2,2,2000,DF2,impulse,float32,2.435771868572045e-10
cheby2,2,2000,DF2,impulse,float16,3.970626056988924e-06
cheby2,2,2000,TDF2,impulse,float32,2.435771873793372e-10
cheby2,2,2000,TDF2,impulse,float16,3.970626056989492e-06
cheby2,2,2000,CASCADE,impulse,float32,2.437681206141588e-10
cheby2,2,2000,CASCADE,impulse,float16,3.966827513345643e-06
cheby2,2,2000,DF1,random,float32,2.9334439689041037e-07
cheby2,2,2000,DF1,random,float16,0.002403752351754648
cheby2,2,2000,DF2,random,float32,4.21395078846476e-08
cheby2,2,2000,DF2,random,float16,0.0013160081695104198
cheby2,2,2000,TDF2,random,float32,1.8730981347303554e-07
cheby2,2,2000,TDF2,random,float16,0.0017342220224787171
cheby2,2,2000,CASCADE,random,float32,4.4285045740777297e-08
cheby2,2,2000,CASCADE,random,float16,0.001325056454809553
cheby2,2,5000,DF1,impulse,float32,2.1218579508265547e-11
cheby2,2,5000,DF1,impulse,float16,4.1111625674889266e-07
cheby2,2,5000,DF2,impulse,float32,2.121857941930284e-11
cheby2,2,5000,DF2,impulse,float16,4.1111625674894713e-07
cheby2,2,5000,TDF2,impulse,float32,2.1218579508265547e-11
cheby2,2,5000,TDF2,impulse,float16,4.1111625674889266e-07
cheby2,2,5000,CASCADE,impulse,float32,2.293613256392119e-11
cheby2,2,5000,CASCADE,impulse,float16,4.0258325429435654e-07
cheby2,2,5000,DF1,random,float32,3.16596947629727e-08
cheby2,2,5000,DF1,random,float16,0.0003538981138743491
cheby2,2,5000,DF2,random,float32,1.2713460202096182e-08
cheby2,2,5000,DF2,random,float16,0.0002526163435563136
cheby2,2,5000,TDF2,random,float32,3.0347147506396e-08
cheby2,2,5000,TDF2,random,float16,0.0003573272648237064
cheby2,2,5000,CASCADE,random,float32,1.3449923322306212e-08
cheby2,2,5000,CASCADE,random,float16,0.0002662614262217405
cheby2,4,1000,DF1,impulse,float32,7.265579283034608e-07
cheby2,4,1000,DF1,impulse,float16,0.007193057455049934
cheby2,4,1000,DF2,impulse,float32,7.265579290247407e-07
cheby2,4,1000,DF2,impulse,float16,0.007193057455052721
cheby2,4,1000,TDF2,impulse,float32,7.265579290638792e-07
cheby2,4,1000,TDF2,impulse,float16,0.007193057455051827
cheby2,4,1000,CASCADE,impulse,float32,2.956636912037024e-09
cheby2,4,1000,CASCADE,impulse,float16,4.801160148278124e-05
cheby2,4,1000,DF1,random,float32,0.04967853182179542
cheby2,4,1000,DF1,random,float16,68.56887321976701
cheby2,4,1000,DF2,random,float32,4.092812210461316e-05
cheby2,4,1000,DF2,random,float16,0.30814777929109605
cheby2,4,1000,TDF2,random,float32,5.122584132293807e-05
cheby2,4,1000,TDF2,random,float16,0.45509504555350744
cheby2,4,1000,CASCADE,random,float32,6.545286854856002e-08
cheby2,4,1000,CASCADE,random,float16,0.004828118291524427
cheby2,4,2000,DF1,impulse,float32,1.7206348315987653e-08
cheby2,4,2000,DF1,impulse,float16,0.00012542145784241526
cheby2,4,2000,DF2,impulse,float32,1.720634831832333e-08
cheby2,4,2000,DF2,impulse,float16,0.00012542145784239552
cheby2,4,2000,TDF2,impulse,float32,1.7206348299612422e-08
cheby2,4,2000,TDF2,impulse,float16,0.00012542145784239043
cheby2,4,2000,CASCADE,impulse,float32,2.246559522362064e-09
cheby2,4,2000,CASCADE,impulse,float16,1.4344353068270946e-05
cheby2,4,2000,DF1,random,float32,0.00034828059549355303
cheby2,4,2000,DF1,random,float16,3.3167629234512606
cheby2,4,2000,DF2,random,float32,1.4367307854137867e-06
cheby2,4,2000,DF2,random,float16,0.01162858277200237
cheby2,4,2000,TDF2,random,float32,3.227313639043439e-06
cheby2,4,2000,TDF2,random,float16,0.021081471932032102
cheby2,4,2000,CASCADE,random,float32,3.3847380684254995e-07
cheby2,4,2000,CASCADE,random,float16,0.001556569115019802
cheby2,4,5000,DF1,impulse,float32,1.0158793505489562e-10
cheby2,4,5000,DF1,impulse,float16,2.8763396720256086e-06
cheby2,4,5000,DF2,impulse,float32,1.015879355957938e-10
cheby2,4,5000,DF2,impulse,float16,2.876339672026184e-06
cheby2,4,5000,TDF2,impulse,float32,1.0158793605725154e-10
cheby2,4,5000,TDF2,impulse,float16,2.8763396720260664e-06
cheby2,4,5000,CASCADE,impulse,float32,1.1369402918105695e-10
cheby2,4,5000,CASCADE,impulse,float16,9.90869588423261e-07
cheby2,4,5000,DF1,random,float32,9.781787444068657e-08
cheby2,4,5000,DF1,random,float16,0.002294178916203436
cheby2,4,5000,DF2,random,float32,2.942301932679081e-08
cheby2,4,5000,DF2,random,float16,0.0004772814222578238
cheby2,4,5000,TDF2,random,float32,1.1356142257272494e-07
cheby2,4,5000,TDF2,random,float16,0.0010609407079779705
cheby2,4,5000,CASCADE,random,float32,3.442615642612612e-08
cheby2,4,5000,CASCADE,random,float16,0.00020845679833264908
cheby2,6,1000,DF1,impulse,float32,5.462769883952496e-05
cheby2,6,1000,DF1,impulse,float16,nan
cheby2,6,1000,DF2,impulse,float32,5.4627698995228375e-05
cheby2,6,1000,DF2,impulse,float16,nan
cheby2,6,1000,TDF2,impulse,float32,5.46276989244654e-05
cheby2,6,1000,TDF2,impulse,float16,nan
cheby2,6,1000,CASCADE,impulse,float32,9.391063635508101e-09
cheby2,6,1000,CASCADE,impulse,float16,5.864382000908795e-05
cheby2,6,1000,DF1,random,float32,241.56219068707594
cheby2,6,1000,DF1,random,float16,5418922271942.023
cheby2,6,1000,DF2,random,float32,0.002561457307978636
cheby2,6,1000,DF2,random,float16,630086449.5084478
cheby2,6,1000,TDF2,random,float32,0.005864619182478142
cheby2,6,1000,TDF2,random,float16,858494907.8077438
cheby2,6,1000,CASCADE,random,float32,2.715339467648792e-07
cheby2,6,1000,CASCADE,random,float16,0.001321486291382292
cheby2,6,2000,DF1,impulse,float32,6.475212688918805e-07
cheby2,6,2000,DF1,impulse,float16,1.714711782474796e+151
cheby2,6,2000,DF2,impulse,float32,6.475212684265309e-07
cheby2,6,2000,DF2,impulse,float16,1.7147117824720433e+151
cheby2,6,2000,TDF2,impulse,float32,6.475212679120026e-07
cheby2,6,2000,TDF2,impulse,float16,1.714711782471398e+151
cheby2,6,2000,CASCADE,impulse,float32,2.37033927649769e-09
cheby2,6,2000,CASCADE,impulse,float16,2.022966140426724e-05
cheby2,6,2000,DF1,random,float32,0.19106189180032668
cheby2,6,2000,DF1,random,float16,132879.90772856397
cheby2,6,2000,DF2,random,float32,2.3837035823354448e-05
cheby2,6,2000,DF2,random,float16,42.86100257973992
cheby2,6,2000,TDF2,random,float32,6.576474624574044e-05
cheby2,6,2000,TDF2,random,float16,137.26918538562597
cheby2,6,2000,CASCADE,random,float32,1.941442555317141e-07
cheby2,6,2000,CASCADE,random,float16,0.0011920733065229087
cheby2,6,5000,DF1,impulse,float32,1.3709244010569023e-09
cheby2,6,5000,DF1,impulse,float16,2.0701573316316978e-05
cheby2,6,5000,DF2,impulse,float32,1.37092439963068e-09
cheby2,6,5000,DF2,impulse,float16,2.0701573316320695e-05
cheby2,6,5000,TDF2,impulse,float32,1.3709244040267146e-09
cheby2,6,5000,TDF2,impulse,float16,2.0701573316317788e-05
cheby2,6,5000,CASCADE,impulse,float32,6.630052884805864e-10
cheby2,6,5000,CASCADE,impulse,float16,3.1406320844752418e-06
cheby2,6,5000,DF1,random,float32,8.971209038252382e-06
cheby2,6,5000,DF1,random,float16,0.11969700050142348
cheby2,6,5000,DF2,random,float32,1.6513249700405435e-07
cheby2,6,5000,DF2,random,float16,0.003244303025388401
cheby2,6,5000,TDF2,random,float32,5.80354824236129e-07
cheby2,6,5000,TDF2,random,float16,0.005361183176727322
cheby2,6,5000,CASCADE,random,float32,5.925507558429688e-08
cheby2,6,5000,CASCADE,random,float16,0.000523548860978095
cheby2,8,1000,DF1,impulse,float32,1.7557407761000004e+79
cheby2,8,1000,DF1,impulse,float16,nan
cheby2,8,1000,DF2,impulse,float32,1.755740775762434e+79
cheby2,8,1000,DF2,impulse,float16,nan
cheby2,8,1000,TDF2,impulse,float32,1.7557407752236238e+79
cheby2,8,1000,TDF2,impulse,float16,nan
cheby2,8,1000,CASCADE,impulse,float32,1.5937197003811426e-08
cheby2,8,1000,CASCADE,impulse,float16,0.0002292343548868414
cheby2,8,1000,DF1,random,float32,5892439.826471841
cheby2,8,1000,DF1,random,float16,1.2666935337290224e+20
cheby2,8,1000,DF2,random,float32,0.32596254622107323
cheby2,8,1000,DF2,random,float16,9455770729041942.0
cheby2,8,1000,TDF2,random,float32,0.7118532371613808
cheby2,8,1000,TDF2,random,float16,1.19288675632401e+16
cheby2,8,1000,CASCADE,random,float32,4.887147188928353e-07
cheby2,8,1000,CASCADE,random,float16,0.0056074842651702575
cheby2,8,2000,DF1,impulse,float32,4.3152590570475094e-05
cheby2,8,2000,DF1,impulse,float16,nan
cheby2,8,2000,DF2,impulse,float32,4.3152590475703275e-05
cheby2,8,2000,DF2,impulse,float16,nan
cheby2,8,2000,TDF2,impulse,float32,4.315259042944697e-05
cheby2,8,2000,TDF2,impulse,float16,nan
cheby2,8,2000,CASCADE,impulse,float32,3.7945954735599835e-09
cheby2,8,2000,CASCADE,impulse,float16,6.29946648630296e-05
cheby2,8,2000,DF1,random,float32,326.15916830316456
cheby2,8,2000,DF1,random,float16,1294391995342631.2
cheby2,8,2000,DF2,random,float32,0.00082214704451785
cheby2,8,2000,DF2,random,float16,38322031679.00381
cheby2,8,2000,TDF2,random,float32,0.002565207465697581
cheby2,8,2000,TDF2,random,float16,55289526311.2784
cheby2,8,2000,CASCADE,random,float32,2.241405815830988e-07
cheby2,8,2000,CASCADE,random,float16,0.0037885570996869255
cheby2,8,5000,DF1,impulse,float32,4.140502213426289e-08
cheby2,8,5000,DF1,impulse,float16,0.0009452288496210511
cheby2,8,5000,DF2,impulse,float32,4.1405022162976676e-08
cheby2,8,5000,DF2,impulse,float16,0.0009452288496210548
cheby2,8,5000,TDF2,impulse,float32,4.140502214744528e-08
cheby2,8,5000,TDF2,impulse,float16,0.0009452288496210541
cheby2,8,5000,CASCADE,impulse,float32,1.3446168989041057e-09
cheby2,8,5000,CASCADE,impulse,float16,7.33182759466662e-06
cheby2,8,5000,DF1,random,float32,0.001368457037061317
cheby2,8,5000,DF1,random,float16,6.454165906030067
cheby2,8,5000,DF2,random,float32,3.739025842725424e-06
cheby2,8,5000,DF2,random,float16,0.03538705946125772
cheby2,8,5000,TDF2,random,float32,2.401675577559034e-06
cheby2,8,5000,TDF2,random,float16,0.02262696296301018
cheby2,8,5000,CASCADE,random,float32,6.01039845160578e-08
cheby2,8,5000,CASCADE,random,float16,0.00043716086091914687
ellip,2,1000,DF1,impulse,float32,8.376470356914031e-10
ellip,2,1000,DF1,impulse,float16,1.460300025418954e-06
ellip,2,1000,DF2,impulse,float32,8.376470371397999e-10
ellip,2,1000,DF2,impulse,float16,1.4603000254179076e-06
ellip,2,1000,TDF2,impulse,float32,8.37647035689709e-10
ellip,2,1000,TDF2,impulse,float16,1.460300025418954e-06
ellip,2,1000,CASCADE,impulse,float32,8.379590592779526e-10
ellip,2,1000,CASCADE,impulse,float16,1.4696544701080627e-06
ellip,2,1000,DF1,random,float32,3.2237021907091656e-07
ellip,2,1000,DF1,random,float16,0.0006030606192426835
ellip,2,1000,DF2,random,float32,1.2622912805355935e-07
ellip,2,1000,DF2,random,float16,0.00022883790740333017
ellip,2,1000,TDF2,random,float32,1.4613112166248637e-07
ellip,2,1000,TDF2,random,float16,0.00030306803019996756
ellip,2,1000,CASCADE,random,float32,1.2637716428523515e-07
ellip,2,1000,CASCADE,random,float16,0.00022620236997324974
ellip,2,2000,DF1,impulse,float32,1.120050007186848e-10
ellip,2,2000,DF1,impulse,float16,9.184703641758055e-07
ellip,2,2000,DF2,impulse,float32,1.1200500017648042e-10
ellip,2,2000,DF2,impulse,float16,9.184703641754741e-07
ellip,2,2000,TDF2,impulse,float32,1.1200500053550002e-10
ellip,2,2000,TDF2,impulse,float16,9.18470364175656e-07
ellip,2,2000,CASCADE,impulse,float32,1.1202813421995628e-10
ellip,2,2000,CASCADE,impulse,float16,9.09427721242561e-07
ellip,2,2000,DF1,random,float32,3.6509814358189065e-08
ellip,2,2000,DF1,random,float16,0.00027865096795592014
ellip,2,2000,DF2,random,float32,3.123488997698945e-08
ellip,2,2000,DF2,random,float16,0.0002510765541507
ellip,2,2000,TDF2,random,float32,3.673568689925057e-08
ellip,2,2000,TDF2,random,float16,0.00027281951940249746
ellip,2,2000,CASCADE,random,float32,3.1278457640181864e-08
ellip,2,2000,CASCADE,random,float16,0.00025107702107534725
ellip,2,5000,DF1,impulse,float32,1.764119795629058e-11
ellip,2,5000,DF1,impulse,float16,1.5884238993001546e-07
ellip,2,5000,DF2,impulse,float32,1.7641197958520873e-11
ellip,2,5000,DF2,impulse,float16,1.58842389929999e-07
ellip,2,5000,TDF2,impulse,float32,1.764119795629058e-11
ellip,2,5000,TDF2,impulse,float16,1.5884238993001546e-07
ellip,2,5000,CASCADE,impulse,float32,1.7917778962689e-11
ellip,2,5000,CASCADE,impulse,float16,1.694017578739639e-07
ellip,2,5000,DF1,random,float32,1.1269669959040885e-08
ellip,2,5000,DF1,random,float16,8.98218330959346e-05
ellip,2,5000,DF2,random,float32,9.734244115228858e-09
ellip,2,5000,DF2,random,float16,8.4272268232928e-05
ellip,2,5000,TDF2,random,float32,1.1248891756375501e-08
ellip,2,5000,TDF2,random,float16,8.788110543813673e-05
ellip,2,5000,CASCADE,random,float32,1.0427677617393106e-08
ellip,2,5000,CASCADE,random,float16,9.24842456217639e-05
ellip,4,1000,DF1,impulse,float32,2.1393544135761958e-06
ellip,4,1000,DF1,impulse,float16,2.450244538030708e+175
ellip,4,1000,DF2,impulse,float32,2.139354412105531e-06
ellip,4,1000,DF2,impulse,float16,2.4502445380303116e+175
ellip,4,1000,TDF2,impulse,float32,2.139354412084789e-06
ellip,4,1000,TDF2,impulse,float16,2.450244538034002e+175
ellip,4,1000,CASCADE,impulse,float32,6.4882175524012604e-09
ellip,4,1000,CASCADE,impulse,float16,1.9629509443671287e-05
ellip,4,1000,DF1,random,float32,0.14670336623862584
ellip,4,1000,DF1,random,float16,37631.25967127148
ellip,4,1000,DF2,random,float32,4.606087415691254e-05
ellip,4,1000,DF2,random,float16,31.329834121275322
ellip,4,1000,TDF2,random,float32,5.8092248399983226e-05
ellip,4,1000,TDF2,random,float16,8.004719824894018
ellip,4,1000,CASCADE,random,float32,1.9921849753495002e-07
ellip,4,1000,CASCADE,random,float16,0.0010208922299771253
ellip,4,2000,DF1,impulse,float32,1.622871483737581e-07
ellip,4,2000,DF1,impulse,float16,1.0317896988929011e+69
ellip,4,2000,DF2,impulse,float32,1.6228714829300917e-07
ellip,4,2000,DF2,impulse,float16,1.0317896988912633e+69
ellip,4,2000,TDF2,impulse,float32,1.622871484092266e-07
ellip,4,2000,TDF2,impulse,float16,1.0317896988918554e+69
ellip,4,2000,CASCADE,impulse,float32,1.7325019610730805e-09
ellip,4,2000,CASCADE,impulse,float16,2.3118188169406443e-05
ellip,4,2000,DF1,random,float32,0.0016452912163615096
ellip,4,2000,DF1,random,float16,116.04875780208191
ellip,4,2000,DF2,random,float32,1.2184453655068317e-05
ellip,4,2000,DF2,random,float16,0.6568419716364947
ellip,4,2000,TDF2,random,float32,1.2755051735744636e-05
ellip,4,2000,TDF2,random,float16,0.6157593286936346
ellip,4,2000,CASCADE,random,float32,2.1189539250954236e-07
ellip,4,2000,CASCADE,random,float16,0.0015459216013916565
ellip,4,5000,DF1,impulse,float32,2.0263384305544493e-09
ellip,4,5000,DF1,impulse,float16,1.2324977220438825e-05
ellip,4,5000,DF2,impulse,float32,2.02633843461561e-09
ellip,4,5000,DF2,impulse,float16,1.2324977220437977e-05
ellip,4,5000,TDF2,impulse,float32,2.026338437197796e-09
ellip,4,5000,TDF2,impulse,float16,1.232497722043811e-05
ellip,4,5000,CASCADE,impulse,float32,4.1862224216179843e-10
ellip,4,5000,CASCADE,impulse,float16,5.135350524851099e-06
ellip,4,5000,DF1,random,float32,1.505559331592618e-06
ellip,4,5000,DF1,random,float16,0.009555738930640106
ellip,4,5000,DF2,random,float32,2.2414854327437034e-07
ellip,4,5000,DF2,random,float16,0.001469992237321465
ellip,4,5000,TDF2,random,float32,3.1005970694913954e-07
ellip,4,5000,TDF2,random,float16,0.001660064006201977
ellip,4,5000,CASCADE,random,float32,6.899717185111093e-08
ellip,4,5000,CASCADE,random,float16,0.0007616760491852072
ellip,6,1000,DF1,impulse,float32,257481144.6387868
ellip,6,1000,DF1,impulse,float16,nan
ellip,6,1000,DF2,impulse,float32,257481144.49265754
ellip,6,1000,DF2,impulse,float16,nan
ellip,6,1000,TDF2,impulse,float32,257481143.72599846
ellip,6,1000,TDF2,impulse,float16,nan
ellip,6,1000,CASCADE,impulse,float32,1.0171394081402405e-07
ellip,6,1000,CASCADE,impulse,float16,5.999611609457363e-05
ellip,6,1000,DF1,random,float32,8687.709668009953
ellip,6,1000,DF1,random,float16,2076207425494972.8
ellip,6,1000,DF2,random,float32,0.007066092610212346
ellip,6,1000,DF2,random,float16,232875701954.74173
ellip,6,1000,TDF2,random,float32,0.015319209620657826
ellip,6,1000,TDF2,random,float16,500710377493.7261
ellip,6,1000,CASCADE,random,float32,3.1916088839466923e-07
ellip,6,1000,CASCADE,random,float16,0.001163645411211093
ellip,6,2000,DF1,impulse,float32,0.0019742407283097254
ellip,6,2000,DF1,impulse,float16,nan
ellip,6,2000,DF2,impulse,float32,0.0019742407274814027
ellip,6,2000,DF2,impulse,float16,nan
ellip,6,2000,TDF2,impulse,float32,0.001974240730732507
ellip,6,2000,TDF2,impulse,float16,nan
ellip,6,2000,CASCADE,impulse,float32,1.91300716578308e-08
ellip,6,2000,CASCADE,impulse,float16,0.0001525131997728414
ellip,6,2000,DF1,random,float32,54.978695950828616
ellip,6,2000,DF1,random,float16,241627656268.86536
ellip,6,2000,DF2,random,float32,0.0009375364717413641
ellip,6,2000,DF2,random,float16,130468978.25575499
ellip,6,2000,TDF2,random,float32,0.0008909988012682808
ellip,6,2000,TDF2,random,float16,130606262.73723628
ellip,6,2000,CASCADE,random,float32,2.5285481935758555e-07
ellip,6,2000,CASCADE,random,float16,0.0036210806938509433
ellip,6,5000,DF1,impulse,float32,2.941731610663179e-06
ellip,6,5000,DF1,impulse,float16,5.0963245693816384e+72
ellip,6,5000,DF2,impulse,float32,2.941731607808938e-06
ellip,6,5000,DF2,impulse,float16,5.0963245693674326e+72
ellip,6,5000,TDF2,impulse,float32,2.9417316047781137e-06
ellip,6,5000,TDF2,impulse,float16,5.096324569371563e+72
ellip,6,5000,CASCADE,impulse,float32,3.55432817874507e-09
ellip,6,5000,CASCADE,impulse,float16,2.6351338191124687e-05
ellip,6,5000,DF1,random,float32,0.028261401756309406
ellip,6,5000,DF1,random,float16,315.96056576359183
ellip,6,5000,DF2,random,float32,1.7419325512238875e-05
ellip,6,5000,DF2,random,float16,0.9505997456701535
ellip,6,5000,TDF2,random,float32,1.7572844379204358e-05
ellip,6,5000,TDF2,random,float16,1.1748203225657192
ellip,6,5000,CASCADE,random,float32,1.983435135646805e-08
ellip,6,5000,CASCADE,random,float16,0.0004269022369923954
ellip,8,1000,DF1,impulse,float32,8.12561281614114e+95
ellip,8,1000,DF1,impulse,float16,nan
ellip,8,1000,DF2,impulse,float32,8.125613788336745e+95
ellip,8,1000,DF2,impulse,float16,nan
ellip,8,1000,TDF2,impulse,float32,8.125612730096098e+95
ellip,8,1000,TDF2,impulse,float16,nan
ellip,8,1000,CASCADE,impulse,float32,1.15523478451929e-07
ellip,8,1000,CASCADE,impulse,float16,0.00026112350695863895
ellip,8,1000,DF1,random,float32,45405285.387066305
ellip,8,1000,DF1,random,float16,1.7682003402067997e+20
ellip,8,1000,DF2,random,float32,2.512124481765397
ellip,8,1000,DF2,random,float16,1.1891283529636544e+16
ellip,8,1000,TDF2,random,float32,7.005270181672828
ellip,8,1000,TDF2,random,float16,1.9539407022183056e+16
ellip,8,1000,CASCADE,random,float32,2.395409013138464e-07
ellip,8,1000,CASCADE,random,float16,0.0006449169663790192
ellip,8,2000,DF1,impulse,float32,4.4465921965275014e+73
ellip,8,2000,DF1,impulse,float16,nan
ellip,8,2000,DF2,impulse,float32,4.4465922456850374e+73
ellip,8,2000,DF2,impulse,float16,nan
ellip,8,2000,TDF2,impulse,float32,4.4465922240320005e+73
ellip,8,2000,TDF2,impulse,float16,nan
ellip,8,2000,CASCADE,impulse,float32,6.58712103733992e-08
ellip,8,2000,CASCADE,impulse,float16,0.0005790104702174436
ellip,8,2000,DF1,random,float32,1629601.242193873
ellip,8,2000,DF1,random,float16,5.360244393143408e+20
ellip,8,2000,DF2,random,float32,0.5713345901364656
ellip,8,2000,DF2,random,float16,1.9207547680546656e+16
ellip,8,2000,TDF2,random,float32,0.5180549321309575
ellip,8,2000,TDF2,random,float16,2.7791619586195828e+16
ellip,8,2000,CASCADE,random,float32,2.1191289066829766e-07
ellip,8,2000,CASCADE,random,float16,0.00401685992852763
ellip,8,5000,DF1,impulse,float32,534412440.0507487
ellip,8,5000,DF1,impulse,float16,nan
ellip,8,5000,DF2,impulse,float32,534412439.4951613
ellip,8,5000,DF2,impulse,float16,nan
ellip,8,5000,TDF2,impulse,float32,534412439.96831703
ellip,8,5000,TDF2,impulse,float16,nan
ellip,8,5000,CASCADE,impulse,float32,2.141165030209051e-08
ellip,8,5000,CASCADE,impulse,float16,0.00014272120796487165
ellip,8,5000,DF1,random,float32,160.73517381778146
ellip,8,5000,DF1,random,float16,821960036.5108365
ellip,8,5000,DF2,random,float32,0.001906002227442407
ellip,8,5000,DF2,random,float16,76396.00919331588
ellip,8,5000,TDF2,random,float32,0.002315172192521626
ellip,8,5000,TDF2,random,float16,77946.72910665355
ellip,8,5000,CASCADE,random,float32,8.848831007074454e-08
ellip,8,5000,CASCADE,random,float16,0.0006941161599431609
bessel,2,1000,DF1,impulse,float32,4.373028136668545e-11
bessel,2,1000,DF1,impulse,float16,3.973688977477091e-06
bessel,2,1000,DF2,impulse,float32,4.3730282171333605e-11
bessel,2,1000,DF2,impulse,float16,3.973688977475959e-06
bessel,2,1000,TDF2,impulse,float32,4.373028136668545e-11
bessel,2,1000,TDF2,impulse,float16,3.973688977477091e-06
bessel,2,1000,CASCADE,impulse,float32,4.531256932240501e-11
bessel,2,1000,CASCADE,impulse,float16,3.987126773798714e-06
bessel,2,1000,DF1,random,float32,6.46313132414509e-09
bessel,2,1000,DF1,random,float16,0.0005797594050474237
bessel,2,1000,DF2,random,float32,5.5147578238961666e-09
bessel,2,1000,DF2,random,float16,0.0005735893662818603
bessel,2,1000,TDF2,random,float32,6.423547416052567e-09
bessel,2,1000,TDF2,random,float16,0.0005738501498354664
bessel,2,1000,CASCADE,random,float32,5.727704784533978e-09
bessel,2,1000,CASCADE,random,float16,0.0005755316834976207
bessel,2,2000,DF1,impulse,float32,2.3083708953821752e-10
bessel,2,2000,DF1,impulse,float16,3.020872161910669e-08
bessel,2,2000,DF2,impulse,float32,2.3083708963315156e-10
bessel,2,2000,DF2,impulse,float16,3.0208721618993106e-08
bessel,2,2000,TDF2,impulse,float32,2.308370895901264e-10
bessel,2,2000,TDF2,impulse,float16,3.020872161919052e-08
bessel,2,2000,CASCADE,impulse,float32,2.3146424569480543e-10
bessel,2,2000,CASCADE,impulse,float16,5.712774551779427e-08
bessel,2,2000,DF1,random,float32,6.549040945949547e-08
bessel,2,2000,DF1,random,float16,2.682978052006818e-05
bessel,2,2000,DF2,random,float32,6.717221730562998e-08
bessel,2,2000,DF2,random,float16,1.9280616970288178e-05
bessel,2,2000,TDF2,random,float32,6.64767231565869e-08
bessel,2,2000,TDF2,random,float16,2.7010384675147212e-05
bessel,2,2000,CASCADE,random,float32,6.790470088541886e-08
bessel,2,2000,CASCADE,random,float16,2.5440984949097773e-05
bessel,2,5000,DF1,impulse,float32,2.7146537720314382e-11
bessel,2,5000,DF1,impulse,float16,1.0787093866540212e-07
bessel,2,5000,DF2,impulse,float32,2.7146537635822048e-11
bessel,2,5000,DF2,impulse,float16,1.0787093866545325e-07
bessel,2,5000,TDF2,impulse,float32,2.714653764462671e-11
bessel,2,5000,TDF2,impulse,float16,1.0787093866542329e-07
bessel,2,5000,CASCADE,impulse,float32,3.082487496479003e-11
bessel,2,5000,CASCADE,impulse,float16,8.107205171247474e-08
bessel,2,5000,DF1,random,float32,1.4335952079258183e-08
bessel,2,5000,DF1,random,float16,6.944560012981349e-05
bessel,2,5000,DF2,random,float32,1.3482179233035088e-08
bessel,2,5000,DF2,random,float16,6.69064762742115e-05
bessel,2,5000,TDF2,random,float32,1.4531762920488855e-08
bessel,2,5000,TDF2,random,float16,6.898340351102497e-05
bessel,2,5000,CASCADE,random,float32,1.4030324514335488e-08
bessel,2,5000,CASCADE,random,float16,7.051681199883101e-05
bessel,4,1000,DF1,impulse,float32,1.4552768239473405e-07
bessel,4,1000,DF1,impulse,float16,2.575239650033479e+190
bessel,4,1000,DF2,impulse,float32,1.455276823584569e-07
bessel,4,1000,DF2,impulse,float16,2.5752396500319475e+190
bessel,4,1000,TDF2,impulse,float32,1.4552768241078752e-07
bessel,4,1000,TDF2,impulse,float16,2.5752396500314327e+190
bessel,4,1000,CASCADE,impulse,float32,1.592775520582861e-09
bessel,4,1000,CASCADE,impulse,float16,3.186503094142163e-06
bessel,4,1000,DF1,random,float32,1.301812237800877e-05
bessel,4,1000,DF1,random,float16,21.084041644493396
bessel,4,1000,DF2,random,float32,1.0173142504591719e-05
bessel,4,1000,DF2,random,float16,3.110989163094701
bessel,4,1000,TDF2,random,float32,1.0173090050747723e-05
bessel,4,1000,TDF2,random,float16,3.1182077942684225
bessel,4,1000,CASCADE,random,float32,1.7167670840872652e-07
bessel,4,1000,CASCADE,random,float16,0.00020882449765191824
bessel,4,2000,DF1,impulse,float32,5.449515915596935e-09
bessel,4,2000,DF1,impulse,float16,7.740004219947633e-05
bessel,4,2000,DF2,impulse,float32,5.449515906730017e-09
bessel,4,2000,DF2,impulse,float16,7.740004219947521e-05
bessel,4,2000,TDF2,impulse,float32,5.449515908195397e-09
bessel,4,2000,TDF2,impulse,float16,7.740004219946313e-05
bessel,4,2000,CASCADE,impulse,float32,2.2049580976184225e-10
bessel,4,2000,CASCADE,impulse,float16,3.1955571951448386e-06
bessel,4,2000,DF1,random,float32,1.1637762499406126e-06
bessel,4,2000,DF1,random,float16,0.013431392282828351
bessel,4,2000,DF2,random,float32,1.1567793000483789e-06
bessel,4,2000,DF2,random,float16,0.013014263092708039
bessel,4,2000,TDF2,random,float32,1.1571378403596283e-06
bessel,4,2000,TDF2,random,float16,0.013016349805789598
bessel,4,2000,CASCADE,random,float32,5.202139027734511e-08
bessel,4,2000,CASCADE,random,float16,0.0007870436320895302
bessel,4,5000,DF1,impulse,float32,1.264824457035741e-10
bessel,4,5000,DF1,impulse,float16,3.9982563607091614e-07
bessel,4,5000,DF2,impulse,float32,1.26482445582416e-10
bessel,4,5000,DF2,impulse,float16,3.9982563607156745e-07
bessel,4,5000,TDF2,impulse,float32,1.2648244557072595e-10
bessel,4,5000,TDF2,impulse,float16,3.998256360712331e-07
bessel,4,5000,CASCADE,impulse,float32,2.620669130700455e-11
bessel,4,5000,CASCADE,impulse,float16,1.3184776830935958e-07
bessel,4,5000,DF1,random,float32,5.298762712551905e-08
bessel,4,5000,DF1,random,float16,0.00017419053024244507
bessel,4,5000,DF2,random,float32,5.409280870822533e-08
bessel,4,5000,DF2,random,float16,0.000174653667540113
bessel,4,5000,TDF2,random,float32,5.413512993964918e-08
bessel,4,5000,TDF2,random,float16,0.00017719050384099096
bessel,4,5000,CASCADE,random,float32,1.1927503626690382e-08
bessel,4,5000,CASCADE,random,float16,6.766215869335664e-05
bessel,6,1000,DF1,impulse,float32,2.0531105956320934e-05
bessel,6,1000,DF1,impulse,float16,nan
bessel,6,1000,DF2,impulse,float32,2.053110595940143e-05
bessel,6,1000,DF2,impulse,float16,nan
bessel,6,1000,TDF2,impulse,float32,2.0531105939869518e-05
bessel,6,1000,TDF2,impulse,float16,nan
bessel,6,1000,CASCADE,impulse,float32,3.0455746918987407e-10
bessel,6,1000,CASCADE,impulse,float16,5.565822054711917e-06
bessel,6,1000,DF1,random,float32,0.0014330301063514423
bessel,6,1000,DF1,random,float16,123706542.66809669
bessel,6,1000,DF2,random,float32,0.0008196940467181895
bessel,6,1000,DF2,random,float16,64430068.766943
bessel,6,1000,TDF2,random,float32,0.0008196948083713547
bessel,6,1000,TDF2,random,float16,61765082.441377975
bessel,6,1000,CASCADE,random,float32,2.1375559397385577e-08
bessel,6,1000,CASCADE,random,float16,0.00025817735380040017
bessel,6,2000,DF1,impulse,float32,1.063646468317989e-06
bessel,6,2000,DF1,impulse,float16,5.714687238486483e+268
bessel,6,2000,DF2,impulse,float32,1.06364646785959e-06
bessel,6,2000,DF2,impulse,float16,5.7146872384900726e+268
bessel,6,2000,TDF2,impulse,float32,1.0636464683003228e-06
bessel,6,2000,TDF2,impulse,float16,5.7146872384933256e+268
bessel,6,2000,CASCADE,impulse,float32,2.052183080238004e-10
bessel,6,2000,CASCADE,impulse,float16,3.058874051980006e-06
bessel,6,2000,DF1,random,float32,0.00019326025506804796
bessel,6,2000,DF1,random,float16,779.4827619492568
bessel,6,2000,DF2,random,float32,0.00017484148738771335
bessel,6,2000,DF2,random,float16,1076.9550247053164
bessel,6,2000,TDF2,random,float32,0.000174842034414082
bessel,6,2000,TDF2,random,float16,1077.2426449119685
bessel,6,2000,CASCADE,random,float32,4.534947435186505e-08
bessel,6,2000,CASCADE,random,float16,0.0007007863936673148
bessel,6,5000,DF1,impulse,float32,3.464571919627631e-09
bessel,6,5000,DF1,impulse,float16,1.3923903957322145e-05
bessel,6,5000,DF2,impulse,float32,3.4645719216462834e-09
bessel,6,5000,DF2,impulse,float16,1.3923903957320742e-05
bessel,6,5000,TDF2,impulse,float32,3.464571921009746e-09
bessel,6,5000,TDF2,impulse,float16,1.39239039573182e-05
bessel,6,5000,CASCADE,impulse,float32,2.4934536218555716e-11
bessel,6,5000,CASCADE,impulse,float16,8.644379234726225e-07
bessel,6,5000,DF1,random,float32,1.2561650475902478e-06
bessel,6,5000,DF1,random,float16,0.005005019389644817
bessel,6,5000,DF2,random,float32,1.28045247168223e-06
bessel,6,5000,DF2,random,float16,0.005070932551789762
bessel,6,5000,TDF2,random,float32,1.2798173955276006e-06
bessel,6,5000,TDF2,random,float16,0.005060724747927
bessel,6,5000,CASCADE,random,float32,9.196478831174307e-09
bessel,6,5000,CASCADE,random,float16,0.0003761094948751391
bessel,8,1000,DF1,impulse,float32,1.7874397595783233e+76
bessel,8,1000,DF1,impulse,float16,0.0002469803297671207
bessel,8,1000,DF2,impulse,float32,1.7874397185401226e+76
bessel,8,1000,DF2,impulse,float16,nan
bessel,8,1000,TDF2,impulse,float32,1.7874397623771566e+76
bessel,8,1000,TDF2,impulse,float16,0.0002469803294856693
bessel,8,1000,CASCADE,impulse,float32,1.4988986800309506e-09
bessel,8,1000,CASCADE,impulse,float16,0.00024698034125717166
bessel,8,1000,DF1,random,float32,0.06937645926017952
bessel,8,1000,DF1,random,float16,0.02469056725007744
bessel,8,1000,DF2,random,float32,0.04210965923200618
bessel,8,1000,DF2,random,float16,0.018285615604352573
bessel,8,1000,TDF2,random,float32,0.042109662417622866
bessel,8,1000,TDF2,random,float16,0.018285615580486546
bessel,8,1000,CASCADE,random,float32,6.927228059198436e-08
bessel,8,1000,CASCADE,random,float16,0.01828561636534664
bessel,8,2000,DF1,impulse,float32,2.0414929861610413e-06
bessel,8,2000,DF1,impulse,float16,nan
bessel,8,2000,DF2,impulse,float32,2.041492994597275e-06
bessel,8,2000,DF2,impulse,float16,nan
bessel,8,2000,TDF2,impulse,float32,2.0414930075745666e-06
bessel,8,2000,TDF2,impulse,float16,nan
bessel,8,2000,CASCADE,impulse,float32,4.612321136843761e-10
bessel,8,2000,CASCADE,impulse,float16,1.4493307591394287e-05
bessel,8,2000,DF1,random,float32,0.00023272623246310554
bessel,8,2000,DF1,random,float16,179009.65423565317
bessel,8,2000,DF2,random,float32,0.0001887337668190276
bessel,8,2000,DF2,random,float16,118285.40001047536
bessel,8,2000,TDF2,random,float32,0.00018873404273177428
bessel,8,2000,TDF2,random,float16,117080.16578009367
bessel,8,2000,CASCADE,random,float32,7.590123365513071e-08
bessel,8,2000,CASCADE,random,float16,0.003144418395893299
bessel,8,5000,DF1,impulse,float32,1.897428599302464e-08
bessel,8,5000,DF1,impulse,float16,0.0016268216163380046
bessel,8,5000,DF2,impulse,float32,1.8974285995296476e-08
bessel,8,5000,DF2,impulse,float16,0.0016268216163379775
bessel,8,5000,TDF2,impulse,float32,1.897428600470576e-08
bessel,8,5000,TDF2,impulse,float16,0.0016268216163378116
bessel,8,5000,CASCADE,impulse,float32,3.39135307362311e-11
bessel,8,5000,CASCADE,impulse,float16,6.685433648898454e-07
bessel,8,5000,DF1,random,float32,6.185982590620072e-06
bessel,8,5000,DF1,random,float16,0.10592455380891057
bessel,8,5000,DF2,random,float32,6.3440596139641106e-06
bessel,8,5000,DF2,random,float16,0.08842791086464975
bessel,8,5000,TDF2,random,float32,6.344047363170471e-06
bessel,8,5000,TDF2,random,float16,0.0884433463267725
bessel,8,5000,CASCADE,random,float32,1.1954169018136233e-08
bessel,8,5000,CASCADE,random,float16,0.0002567272988300647
